user_id,name,email,signup_date,country
10000,Aarav Iyer,aarav.iyer678@outlook.com,2025-08-15,SG
10001,Isha Joshi,isha.joshi280@iitm.ac.in,2025-08-01,US
10002,Arjun Iyer,arjun.iyer114@outlook.com,2025-08-09,UK
10003,Sara Singh,sara.singh316@proton.me,2025-12-08,IN
10004,Meera Nair,meera.nair8@proton.me,2025-01-29,US
10005,Kabir Patel,kabir.patel297@yahoo.co.in,2025-05-11,UK
10006,Diya Sharma,diya.sharma180@iitm.ac.in,2025-08-09,US
10007,Vikram Das,vikram.das573@yahoo.co.in,2025-09-14,
10008,Ananya Iyer,ananya.iyer447@iitm.ac.in,2025-01-22,IN
10009,Isha Iyer,isha.iyer440@outlook.com,2025-10-22,DE
10010,Vikram Nair,vikram.nair415@outlook.com,2025-02-28,IN
10011,Ananya Khan,ananya.khan852@proton.me,2025-08-24,
10012,Ananya Iyer,ananya.iyer250@iitm.ac.in,2025-02-24,SG
10013,,sara.nair406@proton.me,2025-02-10,UK
10014,Ananya Khan,ananya.khan649@gmail.com,2025-09-19,IN
10015,Arjun Das,arjun.das360@yahoo.co.in,2025-06-28,
10016,Rohan Patel,rohan.patel263@gmail.com,2025-03-16,US
10017,Rohan Joshi,rohan.joshi78@yahoo.co.in,2025-12-02,US
10018,Isha Singh,isha.singh460@proton.me,2025-10-24,
10019,Sara Joshi,sara.joshi324@outlook.com,2025-11-18,US
10020,Isha Iyer,isha.iyer647@iitm.ac.in,2025-08-15,UK
10021,Kabir Joshi,kabir joshi@gmail.com,2025-06-30,IN
10022,Aarav Gupta,aarav.gupta661@outlook.com,2025-02-09,IN
10023,Sara Joshi,sara.joshi474@proton.me,2025-07-16,DE
10024,Arjun Sharma,arjun.sharma668@iitm.ac.in,2025-10-20,US
10025,Ananya Joshi,ananya.joshi155@iitm.ac.in,2025-09-14,IN
10026,Isha Iyer,isha.iyer517@outlook.com,2025-02-13,
10027,Rohan Sharma,rohan.sharma449@yahoo.co.in,2025-12-29,SG
10028,Arjun Das,arjun.das373@proton.me,2025-03-23,UK
10029,Kabir Nair,kabir.nair696@iitm.ac.in,2025-06-23,DE
10030,Aarav Gupta,aarav.gupta97@gmail.com,2025-06-18,DE
10031,Vikram Reddy,vikram.reddy988@outlook.com,2025-12-03,DE
10032,Rohan Gupta,rohan.gupta680@gmail.com,2025-10-26,US
10033,Ananya Reddy,ananya.reddy610@iitm.ac.in,2025-03-08,
10034,Diya Reddy,diya.reddy659@proton.me,2025-07-12,UK
10035,Rohan Das,rohan.das687@gmail.com,2025-11-27,SG
10036,Arjun Gupta,arjun.gupta317@gmail.com,2025-07-05,US
10037,Meera Gupta,meera.gupta232@iitm.ac.in,2025-04-09,US
10038,Rohan Iyer,rohan.iyer520@outlook.com,2025-02-21,DE
10039,Arjun Sharma,arjun.sharma@@yahoo.co.in,2025-11-13,DE
10040,,sara.khan421@iitm.ac.in,2025-01-23,UK
10041,Isha Joshi,isha.joshi240@outlook.com,2025-08-18,DE
10042,Meera Reddy,meera.reddy377@iitm.ac.in,2025-04-10,
10043,Sara Singh,sara.singh797@iitm.ac.in,2025-05-25,SG
10044,Arjun Das,arjun.das837@iitm.ac.in,2025-03-24,US
10045,Sara Khan,sara.khan657@outlook.com,2025-01-27,SG
10046,Ananya Das,ananya.das867@gmail.com,2025-12-31,DE
10047,Diya Reddy,diya.reddy280@gmail.com,2025-03-24,SG
10048,Arjun Khan,arjun.khan970@iitm.ac.in,2025-02-16,US
10049,Isha Gupta,isha.gupta55@gmail.com,2025-08-01,SG
10050,Arjun Gupta,arjun.gupta84@yahoo.co.in,2025-07-17,UK
10051,Meera Sharma,meera.sharma860@outlook.com,2025-02-20,
10052,Ananya Khan,ananya.khan294@yahoo.co.in,2025-01-20,SG
10053,Rohan Singh,rohan.singh6@iitm.ac.in,2025-11-12,IN
10054,Aarav Reddy,aarav.reddy562@yahoo.co.in,2025-03-18,
10055,Sara Das,sara.das795@iitm.ac.in,2025-02-26,UK
10056,Meera Reddy,meera.reddy245@gmail.com,2025-01-25,SG
10057,Sara Singh,sara.singh857@gmail.com,2025-02-26,SG
10058,Sara Das,sara.das528@gmail.com,2025-11-20,DE
10059,Meera Khan,meera.khan2@outlook.com,2025-08-08,DE
10060,Ananya Patel,ananya.patel192@proton.me,2025-08-02,
10061,Diya Das,diya.das977@outlook.com,2025-02-04,DE
10062,Arjun Das,arjun.das21@proton.me,2025-10-11,SG
10063,Isha Sharma,isha.sharma260@iitm.ac.in,2025-07-11,
10064,Aarav Gupta,aarav.gupta247@gmail.com,2025-06-26,
10065,Diya Joshi,diya.joshi46@outlook.com,2025-03-10,UK
10066,Arjun Gupta,arjun.gupta476@yahoo.co.in,2025-12-17,
10067,Isha Khan,isha.khan734@yahoo.co.in,2025-02-02,SG
10068,Aarav Reddy,aarav.reddy811@yahoo.co.in,2025-01-23,US
10069,Aarav Gupta,aarav.gupta408@outlook.com,2025-09-21,DE
10070,Isha Reddy,isha.reddy196@gmail.com,2025-11-28,UK
10071,Ananya Sharma,ananya.sharma128@outlook.com,2025-05-20,UK
10072,Vikram Nair,vikram.nair348@iitm.ac.in,2025-07-17,US
10073,Isha Singh,isha.singh274@outlook.com,2025-09-23,IN
10074,Vikram Iyer,vikram.iyer843@iitm.ac.in,2025-11-05,US
10075,Arjun Reddy,arjun.reddy82@outlook.com,2025-02-22,UK
10076,Kabir Reddy,kabir.reddy735@iitm.ac.in,2025-11-05,SG
10077,Rohan Singh,rohan.singh44@outlook.com,2025-08-17,
10078,Ananya Joshi,ananya.joshi655@iitm.ac.in,2025-05-21,IN
,Diya Nair,diya.nair821@outlook.com,2025-09-20,
10080,Rohan Joshi,rohan.joshi130@iitm.ac.in,2025-01-18,IN
10081,Meera Gupta,meera.gupta973@outlook.com,2025-07-16,DE
10082,Aarav Joshi,aarav.joshi461@yahoo.co.in,2025-12-14,UK
10083,Ananya Singh,ananya.singh@outlook,2025-10-21,DE
10084,Meera Iyer,meera.iyer512@gmail.com,2025-04-06,DE
10085,Vikram Das,vikram.das794@gmail.com,2025-05-15,UK
10086,Isha Patel,isha.patel711@proton.me,2025-05-27,SG
10087,Meera Iyer,meera.iyer463@yahoo.co.in,2025-02-07,US
10088,Isha Iyer,isha.iyer356@outlook.com,2025-12-08,
10089,Diya Das,diya.das913@proton.me,2025-05-29,UK
10090,Rohan Khan,rohan.khan230@outlook.com,2025-09-18,IN
10091,Meera Khan,meera.khan27@yahoo.co.in,2025-09-10,UK
10092,Arjun Joshi,arjun.joshi823@outlook.com,2025-08-28,DE
10093,Rohan Joshi,rohan.joshi317@gmail.com,2025-02-03,SG
10094,Isha Das,isha.das@gmail,2025-07-29,DE
10095,Isha Singh,isha.singh132@proton.me,2025-06-26,DE
10096,Sara Khan,sara.khan515@yahoo.co.in,2025-08-10,IN
10097,Diya Das,diya.das169@yahoo.co.in,2025-06-05,US
10098,Ananya Patel,ananya.patel917@outlook.com,2025-09-23,UK
10099,Diya Reddy,diya.reddy980@yahoo.co.in,2025-11-22,DE
10100,Kabir Khan,kabir.khan547@outlook.com,2025-11-11,IN
10101,Arjun Khan,arjun.khan158@proton.me,2025-10-25,US
10102,Sara Joshi,sara.joshi43@outlook.com,2025-10-16,IN
10103,Diya Sharma,diya.sharma667@proton.me,2025-05-16,US
10104,Sara Nair,sara.nair32@proton.me,2025-11-24,SG
10105,Arjun Reddy,arjun.reddy251@outlook.com,2025-09-05,
10106,Vikram Reddy,vikram.reddy706@iitm.ac.in,2025-02-07,IN
10107,Rohan Singh,rohan.singh476@iitm.ac.in,2025-09-05,US
10108,Ananya Joshi,ananya.joshi883@yahoo.co.in,2025-06-10,
10109,Ananya Gupta,ananya.gupta779@iitm.ac.in,2025-03-08,UK
10110,Arjun Das,arjun.das248@gmail.com,2025-06-13,SG
10111,Diya Reddy,diya.reddy145@iitm.ac.in,2025-05-07,IN
10112,Aarav Reddy,aarav.reddy429@iitm.ac.in,2025-11-12,US
10113,Rohan Gupta,rohan.gupta195@proton.me,2025-06-10,US
10114,Isha Das,isha.das901@iitm.ac.in,2025-09-13,UK
10115,Isha Sharma,isha.sharma518@gmail.com,2025-07-21,SG
10116,Meera Patel,meera.patel50@proton.me,2025-06-30,IN
10117,Kabir Singh,kabir.singh689@proton.me,2025-12-01,SG
10118,Kabir Das,kabir.das442@gmail.com,2025-02-25,US
10119,Kabir Gupta,kabir.gupta47@iitm.ac.in,2025-07-07,SG
10120,Aarav Joshi,aarav.joshi372@proton.me,2025-04-10,DE
10121,Kabir Iyer,kabir.iyer462@iitm.ac.in,2025-09-16,DE
10122,Kabir Joshi,kabir.joshi132@proton.me,2025-03-02,IN
10123,Vikram Gupta,vikram.gupta962@outlook.com,2025-10-13,UK
10124,Rohan Patel,rohan.patel412@proton.me,2025-09-18,DE
10125,Aarav Sharma,aarav.sharma731@gmail.com,2025-03-12,UK
10126,Isha Das,isha.das621@iitm.ac.in,2025-03-18,DE
10127,Rohan Gupta,rohan.gupta167@proton.me,2025-06-13,SG
10128,Sara Reddy,sara.reddy520@proton.me,2025-06-22,DE
10129,Arjun Singh,arjun.singh487@proton.me,2025-06-03,IN
10130,Ananya Gupta,ananya.gupta598@gmail.com,2025-08-02,UK
10131,Aarav Joshi,aarav.joshi991@iitm.ac.in,2025-05-16,
10132,Sara Joshi,sara.joshi598@yahoo.co.in,2025-01-27,SG
10133,Rohan Das,rohan.das152@proton.me,2025-07-14,
10134,Meera Sharma,meera.sharma113@proton.me,2025-12-25,US
10135,Aarav Singh,aarav.singh156@outlook.com,2025-08-03,SG
10136,Meera Nair,meera.nair943@proton.me,2025-11-10,SG
10137,Aarav Khan,aarav.khan575@proton.me,2025-04-17,UK
10138,Isha Das,isha.das980@iitm.ac.in,2025-06-10,US
10139,Isha Das,isha.das363@outlook.com,2025-10-07,
10140,Kabir Joshi,kabir.joshi981@iitm.ac.in,2025-04-09,US
10141,Kabir Das,kabir.das965@outlook.com,2025-04-26,UK
10142,Kabir Patel,kabir.patel492@iitm.ac.in,2025-06-12,UK
10143,Arjun Reddy,arjun.reddy588@outlook.com,2025-03-04,
10144,Arjun Nair,arjun.nair978@iitm.ac.in,2025-06-26,US
10145,Kabir Sharma,kabir.sharma355@outlook.com,,SG
10146,Meera Patel,meera.patel956@proton.me,2025-05-19,DE
10147,Kabir Khan,kabir.khan759@gmail.com,2025-11-12,DE
10148,Meera Patel,meera.patel927@gmail.com,2025-12-09,DE
10149,Meera Patel,meera.patel424@gmail.com,2025-02-21,UK
10150,Isha Iyer,isha.iyer988@yahoo.co.in,2025-01-03,DE
10151,Rohan Nair,rohan.nair667@iitm.ac.in,2025-09-02,US
10152,,kabir.gupta61@outlook.com,2025-11-27,IN
10153,Arjun Sharma,arjun.sharma904@yahoo.co.in,2025-08-02,US
10154,Aarav Nair,aarav.nair960@iitm.ac.in,2025-04-06,
10155,Kabir Sharma,kabir.sharma582@gmail.com,2025-06-02,DE
10156,Diya Gupta,diya.gupta657@outlook.com,2025-08-21,DE
10157,Arjun Singh,arjun.singh480@yahoo.co.in,2025-09-16,UK
10158,,meera.iyer749@outlook.com,2025-03-25,SG
10159,Aarav Gupta,aarav.gupta691@outlook.com,2025-10-18,US
10160,Rohan Joshi,rohan.joshi528@iitm.ac.in,2025-08-07,UK
10161,Diya Nair,diya.nair144@gmail.com,2025-04-05,SG
10162,Ananya Patel,ananya.patel393@gmail.com,2025-05-14,US
10163,Isha Reddy,isha.reddy597@outlook.com,2025-06-04,
10164,Sara Sharma,sara.sharma369@outlook.com,2025-12-01,
10165,Meera Sharma,meera.sharma315@gmail.com,2025-08-27,US
10166,Vikram Das,vikram.das121@outlook.com,2025-12-20,
10167,Kabir Gupta,kabir.gupta225@proton.me,2025-04-24,US
10168,Isha Khan,isha.khan383@iitm.ac.in,2025-11-07,SG
10169,Arjun Singh,arjun.singh846@proton.me,2025-12-07,US
10170,Meera Joshi,meera.joshi458@gmail.com,2025-09-27,DE
10171,Ananya Iyer,ananya.iyer64@proton.me,2025-02-27,DE
10172,Arjun Patel,arjun.patel154@proton.me,2025-10-02,US
10173,Ananya Das,ananya.das697@iitm.ac.in,2025-03-01,US
10174,Sara Singh,sara.singh457@gmail.com,2025-09-19,IN
10175,Isha Khan,isha.khan468@proton.me,2025-08-01,DE
10176,Aarav Das,aarav.das827@iitm.ac.in,2025-12-11,UK
10177,Aarav Nair,aarav.nair764@outlook.com,2025-01-02,US
10178,Sara Iyer,sara.iyer353@gmail.com,2025-08-05,
10179,Diya Das,diya.das957@gmail.com,2025-02-05,SG
10180,Aarav Reddy,aarav.reddy788@iitm.ac.in,2025-04-03,US
10181,Vikram Gupta,vikram.gupta891@iitm.ac.in,2025-08-18,SG
10182,Vikram Iyer,vikram.iyer670@proton.me,2025-03-10,UK
10183,Diya Khan,diya.khan542@proton.me,2025-07-21,US
10184,Meera Sharma,meera.sharma475@gmail.com,,
10185,Arjun Nair,arjun.nair472@yahoo.co.in,2025-05-07,UK
10186,Rohan Reddy,rohan.reddy33@yahoo.co.in,2025-02-27,
10187,Vikram Joshi,vikram.joshi212@gmail.com,2025-05-04,IN
10188,Diya Joshi,diya.joshi613@gmail.com,2025-08-17,
10189,Aarav Patel,aarav.patel450@gmail.com,2025-07-25,US
10190,Arjun Patel,arjun.patel516@gmail.com,2025-03-13,UK
10191,Meera Joshi,meera.joshi613@outlook.com,2025-10-23,
10192,Ananya Patel,ananya.patel677@outlook.com,2025-03-15,DE
10193,,meera.nair63@outlook.com,2025-05-21,DE
10194,Vikram Das,vikram.das996@iitm.ac.in,2025-01-25,UK
10195,Vikram Das,vikram.das427@outlook.com,2025-12-23,SG
10196,Rohan Reddy,rohan.reddy773@iitm.ac.in,2025-04-05,DE
10197,Isha Patel,isha.patel879@yahoo.co.in,2025-06-03,
10198,,rohan.singh423@gmail.com,2025-10-15,SG
10199,Vikram Patel,vikram.patel339@outlook.com,2025-04-15,
10200,Diya Singh,diya.singh549@outlook.com,2025-02-17,
10201,Meera Sharma,meera.sharma690@outlook.com,2025-07-13,DE
10202,Sara Sharma,sara.sharma824@gmail.com,2025-04-07,DE
10203,Arjun Patel,arjun.patel891@iitm.ac.in,2025-04-17,UK
10204,Kabir Sharma,kabir.sharma986@yahoo.co.in,2025-04-08,
10205,Diya Singh,diya.singh619@yahoo.co.in,2025-12-23,
10206,Meera Nair,meera.nair330@yahoo.co.in,2025-10-10,UK
10207,Vikram Singh,vikram.singh368@proton.me,2025-11-29,UK
10208,Kabir Gupta,kabir.gupta478@proton.me,2025-09-12,IN
10209,Isha Gupta,isha.gupta321@yahoo.co.in,2025-07-09,SG
10210,Aarav Joshi,aarav.joshi17@yahoo.co.in,2025-03-16,UK
10211,Arjun Joshi,arjun.joshi303@proton.me,2025-08-02,US
10212,Meera Gupta,meera.gupta584@yahoo.co.in,2025-07-14,US
10213,Isha Das,isha.das782@outlook.com,2025-05-12,SG
10214,Isha Singh,isha.singh174@yahoo.co.in,2025-06-30,US
10215,Arjun Singh,arjun.singh658@yahoo.co.in,2025-10-05,IN
10216,Arjun Sharma,arjun.sharma50@gmail.com,2025-12-09,IN
10217,Vikram Khan,vikram.khan725@yahoo.co.in,2025-02-04,US
10218,Aarav Patel,aarav.patel383@proton.me,2025-08-22,IN
10219,Sara Joshi,sara.joshi500@iitm.ac.in,2025-12-04,IN
10220,Aarav Das,aarav.das13@proton.me,2025-07-30,IN
10221,Arjun Reddy,arjun.reddy18@proton.me,2025-05-27,DE
10222,Vikram Khan,vikram.khan537@gmail.com,2025-02-19,US
10223,Meera Patel,meera.patel259@proton.me,2025-09-27,UK
10224,Kabir Nair,kabir.nair983@gmail.com,2025-07-11,SG
10225,Isha Joshi,isha.joshi232@yahoo.co.in,2025-12-23,UK
,Diya Sharma,diya.sharma389@gmail.com,2025-07-27,SG
10227,Aarav Khan,aarav.khan866@gmail.com,2025-09-13,SG
10228,Ananya Joshi,ananya.joshi942@gmail.com,2025-09-28,IN
10229,Meera Patel,meera.patel278@proton.me,2025-09-01,IN
10230,Diya Reddy,diya.reddy674@proton.me,2025-10-16,IN
10231,Rohan Gupta,rohan.gupta602@gmail.com,2025-04-17,US
10232,Vikram Iyer,vikram.iyer578@outlook.com,2025-03-25,US
10233,Sara Nair,sara.nair394@proton.me,2025-06-19,
10234,Rohan Iyer,rohan.iyer55@proton.me,2025-06-27,IN
10235,Vikram Patel,vikram.patel620@gmail.com,2025-06-24,DE
10236,Sara Nair,sara.nair650@outlook.com,2025-01-16,UK
10237,Isha Singh,isha.singh567@yahoo.co.in,2025-07-02,SG
10238,Vikram Khan,vikram.khan390@proton.me,2025-12-05,IN
10239,Sara Reddy,sara.reddy85@yahoo.co.in,2025-02-07,UK
10240,Rohan Nair,rohan.nair325@yahoo.co.in,2025-07-19,UK
,Diya Iyer,diya.iyer456@gmail.com,2025-06-07,UK
10242,Rohan Iyer,rohan.iyer460@yahoo.co.in,2025-08-09,DE
10243,Arjun Das,arjun.das27@iitm.ac.in,2025-02-22,IN
10244,Ananya Das,ananya.das613@gmail.com,2025-11-02,UK
10245,Vikram Sharma,vikram.sharma398@outlook.com,2025-07-31,IN
10246,Arjun Patel,arjun.patel174@proton.me,2025-09-24,
10247,Vikram Khan,vikram.khan309@yahoo.co.in,2025-05-18,UK
10248,Isha Khan,isha.khan446@gmail.com,2025-03-27,UK
10249,Vikram Reddy,vikram.reddy370@iitm.ac.in,2025-02-09,UK
